Precision,Recall,F1,Weighted Precision,Weighted Recall,Weighted F1
[0.89381227 0.85123043],[0.96245059 0.65265866],[0.92686243 0.73883495],0.883266299493817,0.8857264231096007,0.8802948733149166
