Precision,Recall,F1,Weighted Pecision,Weighted Recall,Weighted F1
[0.95833333 1.        ],[1.  0.8],[0.9787234  0.88888889],0.9657738095238095,0.9642857142857143,0.9626815265113137
