Precision,Recall,F1,Weighted Pecision,Weighted Recall,Weighted F1,Accuracy
[0.69174451 0.         0.42302544],[0.89279896 0.         0.27101201],[0.77951636 0.         0.33037114],0.5556948927997885,0.64910790144435,0.589963563925343,0.64910790144435
