Precision,Recall,F1,Weighted Precision,Weighted Recall,Weighted F1
[0.89297023 0.60695187 0.76190476],[0.91886608 0.47991543 0.76843911],[0.9057331  0.53600945 0.76515798],0.8317746042523574,0.8375106202209006,0.8337726327011955
