Precision,Recall,F1,Weighted Pecision,Weighted Recall,Weighted F1,Accuracy
[0.89450145 0.84343991],[0.95990966 0.65608919],[0.92605202 0.73806078],0.8818553658423237,0.8846644010195412,0.8794934439908411,0.8846644010195412
